Workbook

Sheet DASHBOARD
B1: DASHBOARD TÌNH HÌNH TÀI CHÍNH NGÂN HÀNG
B3: AN TOÀN VỐN
B41: HIỆU QUẢ SỬ DỤNG TÀI SẢN
B127: ĐẶC ĐIỂM DANH MỤC HUY ĐỘNG
B185: CHẤT LƯỢNG LỢI NHUẬN
L187: HIỆU QUẢ SỬ DỤNG TÀI SẢN
B218: THANH KHOẢN
B246: RỦI RO THANH KHOẢN
B282: RỦI RO LÃI SUẤT
B301: TÓM TẮT CÁC CHỈ SỐ TÀI CHÍNH CỦA NGÂN HÀNG
B302: AN TOÀN VỐN
B303: Đòn bẩy tài chính của ngân hàng
E304: 2019 | F304: 2020 | G304: 2021 | H304: 2022 | I304: 2023
B305: Vốn chủ sở hữu | E305: =BS!B23 -> 80882982 | F305: =BS!C23 -> 94094979 | G305: =BS!D23 -> 109117393 | H305: =BS!E23 -> 135646085 | I305: =BS!F23 -> 165012666
B306: Đòn bẩy tài chính (A/E) | E306: =BS!B13/BS!B23 -> 15.117134 | F306: =BS!C13/BS!C23 -> 14.094589 | G306: =BS!D13/BS!D23 -> 12.964685 | H306: =BS!E13/BS!E23 -> 13.371674 | I306: =BS!F13/BS!F23 -> 11.148315
B307: An toàn vốn theo chuẩn Basel 2
E308: 2019 | F308: 2020 | G308: 2021 | H308: 2022 | I308: 2023
B309: Vốn cấp 1 | E309: =CAR!B3 -> 80343947 | F309: =CAR!C3 -> 93667389 | G309: =CAR!D3 -> 108687714 | H309: =CAR!E3 -> 134749957 | I309: =CAR!F3 -> 164110931
B310: Vốn cấp 2 | E310: =CAR!B12 -> 14738247 | F310: =CAR!C12 -> 11814657 | G310: =CAR!D12 -> 12478403 | H310: =CAR!E12 -> 14651330 | I310: =CAR!F12 -> 16720193
B311: Hệ số CAR | E311: =CAR!B39 -> 0.093356699 | F311: =CAR!C39 -> 0.09560619 | G311: =CAR!D39 -> 0.093130096 | H311: =CAR!E39 -> 0.099506567 | I311: =CAR!F39 -> 0.11392226
B312: Thay đổi tỷ lệ sở hữu của nhà nước
E313: 2019 | F313: 2020 | G313: 2021 | H313: 2022 | I313: 2023
B314: Tỷ lệ sở hữu của nhà nước | E314: 0.748 | F314: 0.748 | G314: 0.748 | H314: 0.748 | I314: 0.748
B316: HIỆU QUẢ SỬ DỤNG TÀI SẢN
B317: Thanh khoản của ngân hàng
E318: 2019 | F318: 2020 | G318: 2021 | H318: 2022 | I318: 2023
B319: Dự trữ thanh khoản | E319: =BS!B113 -> 297932821 | F319: =BS!C113 -> 316204412 | G319: =BS!D113 -> 266283023 | H319: =BS!E113 -> 424543787 | I319: =BS!F113 -> 409077959
B320: Vay | E320: =BS!B8 -> 724290102 | F320: =BS!C8 -> 820545467 | G320: =BS!D8 -> 934774287 | H320: =BS!E8 -> 1120286832 | I320: =BS!F8 -> 1241675333
B321: Đầu tư | E321: =SUM(BS!B6,BS!B9:B10) -> 171795308 | F321: =SUM(BS!C6,BS!C9:C10) -> 161124164 | G321: =SUM(BS!D6,BS!D9:D10) -> 175716974 | H321: =SUM(BS!E6,BS!E9:E10) -> 199864435 | I321: =SUM(BS!F6,BS!F9:F10) -> 150500420
B322: Tài sản cố định | E322: =BS!B11 -> 6710443 | F322: =BS!C11 -> 8539362 | G322: =BS!D11 -> 8626043 | H322: =BS!E11 -> 7985400 | I322: =BS!F11 -> 7708181
B323: Tài sản có khác | E323: =BS!B12 -> 21891872 | F323: =BS!C12 -> 19816687 | G323: =BS!D12 -> 28969058 | H323: =BS!E12 -> 60978201 | I323: =BS!F12 -> 30651305
B324: Hiệu quả sử dụng tài sản
E325: 2019 | F325: 2020 | G325: 2021 | H325: 2022 | I325: 2023
B326: Tỷ lệ tài sản sinh lãi | E326: =(SUM(BS!B4:B6,BS!B8:B9))/BS!B13 -> 0.963243 | F326: =(SUM(BS!C4:C6,BS!C8:C9))/BS!C13 -> 0.96554863 | G326: =(SUM(BS!D4:D6,BS!D8:D9))/BS!D13 -> 0.95881998 | H326: =(SUM(BS!E4:E6,BS!E8:E9))/BS!E13 -> 0.95056708 | I326: =(SUM(BS!F4:F6,BS!F8:F9))/BS!F13 -> 0.97005388
B327: Tỷ lệ cho vay trên huy đồng (LDR) | E327: 0.7925 | F327: 0.8218 | G327: 0.8618 | H327: 0.9167 | I327: 0.9166
B328: Hiệu quả quản lý hoạt động tín dụng
E329: 2019 | F329: 2020 | G329: 2021 | H329: 2022 | I329: 2023
B330: Tỷ lệ nợ xấu | E330: =SUM(BS!B73:B75)/BS!B76 -> 0.0078996578 | F330: =SUM(BS!C73:C75)/BS!C76 -> 0.0062272471 | G330: =SUM(BS!D73:D75)/BS!D76 -> 0.0063711978 | H330: =SUM(BS!E73:E75)/BS!E76 -> 0.0068296668 | I330: =SUM(BS!F73:F75)/BS!F76 -> 0.009804289
B331: Khả năng bù đắp nợ xấu | E331: =BS!B173/SUM(BS!B73:B75) -> 1.7947811 | F331: =BS!C173/SUM(BS!C73:C75) -> 3.6796138 | G331: =BS!D173/SUM(BS!D73:D75) -> 4.243608 | H331: =BS!E173/SUM(BS!E73:E75) -> 3.1685529 | I331: =BS!F173/SUM(BS!F73:F75) -> 2.3029916
B332: Hiệu quả hoạt động tín dụng
E333: 2019 | F333: 2020 | G333: 2021 | H333: 2022 | I333: 2023
B334: Tăng trưởng tín dụng | F334: =BS!C8/BS!B8-1 -> 0.13289615 | G334: =BS!D8/BS!C8-1 -> 0.13921084 | H334: =BS!E8/BS!D8-1 -> 0.19845705 | I334: =BS!F8/BS!E8-1 -> 0.10835484
B335: NIM | F335: ='KEY RATIOS'!C32 -> 0.029520606 | G335: ='KEY RATIOS'!D32 -> 0.032158001 | H335: ='KEY RATIOS'!E32 -> 0.034569245 | I335: ='KEY RATIOS'!F32 -> 0.030564723
B336: Cơ cấu dư nợ theo nhóm ngành
E337: 2019 | F337: 2020 | G337: 2021 | H337: 2022 | I337: 2023
B338: Công nghiệp | E338: =BS!B59/BS!B$68 -> 0.23687361 | F338: =BS!C59/BS!C$68 -> 0.21257907 | G338: =BS!D59/BS!D$68 -> 0.21135305 | H338: =BS!E59/BS!E$68 -> 0.21281166 | I338: =BS!F59/BS!F$68 -> 0.2207141
B339: Tiện ích điện nước | E339: =BS!B60/BS!B$68 -> 0.041392726 | F339: =BS!C60/BS!C$68 -> 0.048028108 | G339: =BS!D60/BS!D$68 -> 0.062257048 | H339: =BS!E60/BS!E$68 -> 0.051190008 | I339: =BS!F60/BS!F$68 -> 0.043275171
B340: Xây dựng | E340: =BS!B61/BS!B$68 -> 0.044041471 | F340: =BS!C61/BS!C$68 -> 0.084870828 | G340: =BS!D61/BS!D$68 -> 0.090167813 | H340: =BS!E61/BS!E$68 -> 0.065597901 | I340: =BS!F61/BS!F$68 -> 0.063833155
B341: Vận tải kho bãi | E341: =BS!B62/BS!B$68 -> 0.033676837 | F341: =BS!C62/BS!C$68 -> 0.031964741 | G341: =BS!D62/BS!D$68 -> 0.029888465 | H341: =BS!E62/BS!E$68 -> 0.027584022 | I341: =BS!F62/BS!F$68 -> 0.026329699
B342: Khai khoáng | E342: =BS!B63/BS!B$68 -> 0.019679742 | F342: =BS!C63/BS!C$68 -> 0.017375399 | G342: =BS!D63/BS!D$68 -> 0.015700353 | H342: =BS!E63/BS!E$68 -> 0.016666294 | I342: =BS!F63/BS!F$68 -> 0.016069012
B343: Nông, lâm, thủy hải sản | E343: =BS!B64/BS!B$68 -> 0.021944297 | F343: =BS!C64/BS!C$68 -> 0.020325596 | G343: =BS!D64/BS!D$68 -> 0.026121513 | H343: =BS!E64/BS!E$68 -> 0.031527197 | I343: =BS!F64/BS!F$68 -> 0.03048953
B344: Nhà hàng, khách sạn | E344: =BS!B65/BS!B$68 -> 0.01747362 | F344: =BS!C65/BS!C$68 -> 0.012105993 | G344: =BS!D65/BS!D$68 -> 0.017613039 | H344: =BS!E65/BS!E$68 -> 0.015963165 | I344: =BS!F65/BS!F$68 -> 0.015446153
B345: Thương mại dịch vụ | E345: =BS!B66/BS!B$68 -> 0.17946828 | F345: =BS!C66/BS!C$68 -> 0.24145733 | G345: =BS!D66/BS!D$68 -> 0.15843085 | H345: =BS!E66/BS!E$68 -> 0.16109414 | I345: =BS!F66/BS!F$68 -> 0.16071703
B346: Dư nợ khác | E346: =BS!B67/BS!B$68 -> 0.40544942 | F346: =BS!C67/BS!C$68 -> 0.33129293 | G346: =BS!D67/BS!D$68 -> 0.38846787 | H346: =BS!E67/BS!E$68 -> 0.41756562 | I346: =BS!F67/BS!F$68 -> 0.42312615
B347: Cơ cấu dư nợ theo khách hàng theo nhóm ngành
E348: 2019 | F348: 2020 | G348: 2021 | H348: 2022 | I348: 2023
B349: Khách hàng cá nhân | E349: =BS!B51/BS!B$57 -> 0.4298062 | F349: =BS!C51/BS!C$57 -> 0.45338998 | G349: =BS!D51/BS!D$57 -> 0.46640954 | H349: =BS!E51/BS!E$57 -> 0.4718939 | I349: =BS!F51/BS!F$57 -> 0.44580011
B350: Khách hàng doanh nghiệp | E350: =1-E349 -> 0.5701938 | F350: =1-F349 -> 0.54661002 | G350: =1-G349 -> 0.53359046 | H350: =1-H349 -> 0.5281061 | I350: =1-I349 -> 0.55419989
B351: Cơ cấu các khoản đầu tư
E352: 2019 | F352: 2020 | G352: 2021 | H352: 2022 | I352: 2023
B353: =BS!A104 -> Chứng khoán kinh doanh | E353: =BS!B104/SUM(BS!B$104:B$107) -> 0.010457314 | F353: =BS!C104/SUM(BS!C$104:C$107) -> 0.012082657 | G353: =BS!D104/SUM(BS!D$104:D$107) -> 0.015726083 | H353: =BS!E104/SUM(BS!E$104:E$107) -> 0.0075004501 | I353: =BS!F104/SUM(BS!F$104:F$107) -> 0.01656839
B354: =BS!A105 -> Chứng khoán sẵn sàng bán | E354: =BS!B105/SUM(BS!B$104:B$107) -> 0.20726844 | F354: =BS!C105/SUM(BS!C$104:C$107) -> 0.26062128 | G354: =BS!D105/SUM(BS!D$104:D$107) -> 0.4043524 | H354: =BS!E105/SUM(BS!E$104:E$107) -> 0.50383371 | I354: =BS!F105/SUM(BS!F$104:F$107) -> 0.45070923
B355: =BS!A106 -> Chứng khoán giữ đến ngày đáo hạn | E355: =BS!B106/SUM(BS!B$104:B$107) -> 0.76796543 | F355: =BS!C106/SUM(BS!C$104:C$107) -> 0.71345149 | G355: =BS!D106/SUM(BS!D$104:D$107) -> 0.56658282 | H355: =BS!E106/SUM(BS!E$104:E$107) -> 0.47769522 | I355: =BS!F106/SUM(BS!F$104:F$107) -> 0.51794974
B356: =BS!A107 -> Góp vốn, đầu tư dài hạn khác | E356: =BS!B107/SUM(BS!B$104:B$107) -> 0.014308814 | F356: =BS!C107/SUM(BS!C$104:C$107) -> 0.013844574 | G356: =BS!D107/SUM(BS!D$104:D$107) -> 0.013338702 | H356: =BS!E107/SUM(BS!E$104:E$107) -> 0.010970622 | I356: =BS!F107/SUM(BS!F$104:F$107) -> 0.014772637
B357: Chi phí huy động và chi phí cho vay
B358: Chi phí huy động trung bình - COF | F358: ='KEY RATIOS'!C34 -> 0.028453433 | G358: =-IS!D4*2/(SUM(BS!C16:C21)+SUM(BS!D16:D21)) -> 0.022953791 | H358: =-IS!E4*2/(SUM(BS!D16:D21)+SUM(BS!E16:E21)) -> 0.024548659 | I358: =-IS!F4*2/(SUM(BS!E16:E21)+SUM(BS!F16:F21)) -> 0.034064727
B359: Chi phí cho vay trung bình - YEA | F359: ='KEY RATIOS'!C33 -> 0.056302901 | G359: =IS!D3*2/(BS!C5+BS!C8+BS!D5+BS!D8) -> 0.062914455 | H359: =IS!E3*2/(BS!D5+BS!D8+BS!E5+BS!E8) -> 0.067923648 | I359: =IS!F3*2/(BS!E5+BS!E8+BS!F5+BS!F8) -> 0.071792715
B361: Hiệu quả từ hoạt động đầu tư
E362: 2019 | F362: 2020 | G362: 2021 | H362: 2022 | I362: 2023
B363: Lợi nhuận từ hoạt động đầu tư | E363: =IS!B9+IS!B10+IS!B14 -> 398118 | F363: =IS!C9+IS!C10+IS!C14 -> 463097 | G363: =IS!D9+IS!D10+IS!D14 -> 148798 | H363: =IS!E9+IS!E10+IS!E14 -> 174837 | I363: =IS!F9+IS!F10+IS!F14 -> 390673
B364: Tỷ lệ sinh lời từ hoạt động đầu tư | F364: =F363*2/(BS!C6+BS!C9+BS!C10) -> 0.0057483246 | G364: =G363*2/(BS!D6+BS!D9+BS!D10) -> 0.0016936099 | H364: =H363*2/(BS!E6+BS!E9+BS!E10) -> 0.0017495559 | I364: =I363*2/(BS!F6+BS!F9+BS!F10) -> 0.0051916533
B366: ĐẶC ĐIỂM DANH MỤC HUY ĐỘNG
B367: Cơ cấu nguồn vốn huy động của ngân hàng
E368: 2019 | F368: 2020 | G368: 2021 | H368: 2022 | I368: 2023
B369: =BS!A16 -> Các khoản nợ Chính phủ và NHNN | E369: =BS!B16 -> 92365806 | F369: =BS!C16 -> 41176995 | G369: =BS!D16 -> 9468116 | H369: =BS!E16 -> 67314816 | I369: =BS!F16 -> 1670837
B370: =BS!A17 -> Tiền gửi và vay các TCTD khác | E370: =BS!B17 -> 73617085 | F370: =BS!C17 -> 103583833 | G370: =BS!D17 -> 109757777 | H370: =BS!E17 -> 232510850 | I370: =BS!F17 -> 213838980
B371: =BS!A18 -> Tiền gửi của khách hàng | E371: =BS!B18 -> 928450869 | F371: =BS!C18 -> 1032113567 | G371: =BS!D18 -> 1135323913 | H371: =BS!E18 -> 1243468471 | I371: =BS!F18 -> 1395697611
B372: Vốn tài trợ, uỷ thác của CP và TCTD khác | E372: =BS!B20 -> 20431 | F372: =BS!C20 -> 14679 | G372: =BS!D20 -> 7707 | H372: =BS!E20 -> 3298 | I372: =BS!F20 -> 365
B373: Phát hành giấy tờ có giá | E373: =BS!B21 -> 21383932 | F373: =BS!C21 -> 21240197 | G373: =BS!D21 -> 17387747 | H373: =BS!E21 -> 25337894 | I373: =BS!F21 -> 19912623
B374: Đặc điểm nguồn vốn huy động theo thị trường
E375: 2019 | F375: 2020 | G375: 2021 | H375: 2022 | I375: 2023
B376: Thị trường 1 | E376: =BS!B18/BS!B$13 -> 0.75933307 | F376: =BS!C18/BS!C$13 -> 0.77823115 | G376: =BS!D18/BS!D$13 -> 0.80253475 | H376: =BS!E18/BS!E$13 -> 0.68555412 | I376: =BS!F18/BS!F$13 -> 0.7586908
B377: Thị trường 2 | E377: =BS!B17/BS!B$13 -> 0.060207696 | F377: =BS!C17/BS!C$13 -> 0.078103968 | G377: =BS!D17/BS!D$13 -> 0.077585286 | H377: =BS!E17/BS!E$13 -> 0.12818883 | I377: =BS!F17/BS!F$13 -> 0.11624127
B378: Đặc điểm nguồn vốn huy động theo khách hàng
E379: 2019 | F379: 2020 | G379: 2021 | H379: 2022 | I379: 2023
B380: Khách hàng doanh nghiệp | E380: =BS!B89/BS!B$91 -> 0.49718186 | F380: =BS!C89/BS!C$91 -> 0.50607324 | G380: =BS!D89/BS!D$91 -> 0.50155138 | H380: =BS!E89/BS!E$91 -> 0.51253176 | I380: =BS!F89/BS!F$91 -> 0.50231288
B381: Cá nhân | E381: =BS!B90/BS!B$91 -> 0.50281814 | F381: =BS!C90/BS!C$91 -> 0.49392676 | G381: =BS!D90/BS!D$91 -> 0.49844862 | H381: =BS!E90/BS!E$91 -> 0.48746824 | I381: =BS!F90/BS!F$91 -> 0.49768712
B382: Tỷ lệ CASA
E383: 2019 | F383: 2020 | G383: 2021 | H383: 2022 | I383: 2023
B384: Tỷ lệ CASA | E384: =(BS!B83+BS!B86)/BS!B$87 -> 0.28512126 | F384: =(BS!C83+BS!C86)/BS!C$87 -> 0.30150074 | G384: =(BS!D83+BS!D86)/BS!D$87 -> 0.32894439 | H384: =(BS!E83+BS!E86)/BS!E$87 -> 0.33129286 | I384: =(BS!F83+BS!F86)/BS!F$87 -> 0.33899327
B386: Cơ cấu tiền gởi theo kỳ hạn
E387: 2019 | F387: 2020 | G387: 2021 | H387: 2022 | I387: 2023
B388: =BS!A95 -> Dưới 1 tháng | F388: =BS!C95/BS!C$100 -> 0.25969627 | G388: =BS!D95/BS!D$100 -> 0.24916468 | H388: =BS!E95/BS!E$100 -> 0.24018268 | I388: =BS!F95/BS!F$100 -> 0.55341293
B389: =BS!A96 -> Từ 1-3 tháng | F389: =BS!C96/BS!C$100 -> 0.19414175 | G389: =BS!D96/BS!D$100 -> 0.16448389 | H389: =BS!E96/BS!E$100 -> 0.14712263 | I389: =BS!F96/BS!F$100 -> 0.14855545
B390: =BS!A97 -> Từ 3-12 tháng | F390: =BS!C97/BS!C$100 -> 0.29429898 | G390: =BS!D97/BS!D$100 -> 0.28392248 | H390: =BS!E97/BS!E$100 -> 0.34188739 | I390: =BS!F97/BS!F$100 -> 0.29292897
B391: =BS!A98 -> Từ 1-5 năm | F391: =BS!C98/BS!C$100 -> 0.05434373 | G391: =BS!D98/BS!D$100 -> 0.040806368 | H391: =BS!E98/BS!E$100 -> 0.08455156 | I391: =BS!F98/BS!F$100 -> 0.0050820466
B392: =BS!A99 -> Trên 5 năm | F392: =BS!C99/BS!C$100 -> 0.19751927 | G392: =BS!D99/BS!D$100 -> 0.26162259 | H392: =BS!E99/BS!E$100 -> 0.18625573 | I392: =BS!F99/BS!F$100 -> 2.0610526e-05
B395: CHẤT LƯỢNG LỢI NHUẬN
B396: Lợi nhuận cho cổ đông
E397: 2019 | F397: 2020 | G397: 2021 | H397: 2022 | I397: 2023
...

Sheet BS
A1: CÂN ĐỐI KẾ TOÁN | B1: 2019 | C1: 2020 | D1: 2021 | E1: 2022 | F1: 2023
A2: TÀI SẢN
A3: Tiền mặt, vàng bạc, đá quý | B3: 13778358 | C3: 15095394 | D3: 18011766 | E3: 18348534 | F3: 14504849
A4: Tiền gửi tại Ngân hàng nhà nước | B4: 34684091 | C4: 33139373 | D4: 22506711 | E4: 92557809 | F4: 58104503
A5: Tiền gửi và cho vay các TCTD khác | B5: 249470372 | C5: 267969645 | D5: 225764546 | E5: 313637444 | F5: 336468607
A6: Chứng khoán kinh doanh ròng | B6: 1801126 | C6: 1954061 | D6: 2766098 | E6: 1499687 | F6: 2495408
A7: Các CCTC phái sinh và TSTC khác | B7: 98312 | D7: 303202 | E7: 156515
A8: Cho vay khách hàng ròng | B8: 724290102 | C8: 820545467 | D8: 934774287 | E8: 1120286832 | F8: 1241675333
A9: Chứng khoán đầu tư | B9: 167529689 | C9: 156931097 | D9: 170604700 | E9: 196171213 | F9: 145780067
A10: Góp vốn, đầu tư dài hạn | B10: 2464493 | C10: 2239006 | D10: 2346176 | E10: 2193535 | F10: 2224945
A11: Tài sản cố định | B11: 6710443 | C11: 8539362 | D11: 8626043 | E11: 7985400 | F11: 7708181
A12: Tài sản Có khác | B12: 21891872 | C12: 19816687 | D12: 28969058 | E12: 60978201 | F12: 30651305
A13: TỔNG CỘNG TÀI SẢN | B13: 1222718858 | C13: 1326230092 | D13: 1414672587 | E13: 1813815170 | F13: 1839613198
A14: NGUỒN VỐN
A15: Nợ phải trả | B15: =SUM(B16:B22) -> 1141835876 | C15: =SUM(C16:C22) -> 1232135113 | D15: =SUM(D16:D22) -> 1305555194 | E15: =SUM(E16:E22) -> 1678169085 | F15: =SUM(F16:F22) -> 1674600532
A16: Các khoản nợ Chính phủ và NHNN | B16: 92365806 | C16: 41176995 | D16: 9468116 | E16: 67314816 | F16: 1670837
A17: Tiền gửi và vay các TCTD khác | B17: 73617085 | C17: 103583833 | D17: 109757777 | E17: 232510850 | F17: 213838980
A18: Tiền gửi của khách hàng | B18: 928450869 | C18: 1032113567 | D18: 1135323913 | E18: 1243468471 | F18: 1395697611
A19: Các CCTC phái sinh và nợ tài chính khác | C19: 52031 | F19: 117752
A20: Vốn tài trợ, uỷ thác của CP và TCTD khác | B20: 20431 | C20: 14679 | D20: 7707 | E20: 3298 | F20: 365
A21: Phát hành giấy tờ có giá | B21: 21383932 | C21: 21240197 | D21: 17387747 | E21: 25337894 | F21: 19912623
A22: Các khoản nợ khác | B22: 25997753 | C22: 33953811 | D22: 33609934 | E22: 109533756 | F22: 43362364
A23: Vốn chủ sở hữu | B23: 80882982 | C23: 94094979 | D23: 109117393 | E23: 135646085 | F23: 165012666
A24: Vốn của tổ chức tín dụng | B24: 42428820 | C24: 42428821 | D24: 42428821 | E24: 53130392 | F24: 61696139
A25: Quỹ của tổ chức tín dụng | B25: 12186141 | C25: 14925803 | D25: 18173068 | E25: 22556958 | F25: 27447116
A26: Chênh lệch đánh giá lại tài sản | B26: 113011
A27: Chênh lệch tỷ giá hối đoái | B27: 16361 | C27: 5103 | D27: -5109 | E27: -863071 | F27: -983237
A28: Lợi nhuận chưa phân phối lũy kế | B28: 26055190 | C28: 36650228 | D28: 48433500 | E28: 60733423 | F28: 76758658
A29: Lợi ích của cổ đông thiểu số | B29: 83459 | C29: 85024 | D29: 87113 | E29: 88383 | F29: 93990
A30: TỔNG CỘNG NGUỒN VỐN | B30: 1222718858 | C30: 1326230092 | D30: 1414672587 | E30: 1813815170 | F30: 1839613198
A31: SLCP (cổ phiếu) | B31: 3700658435 | C31: 3708877448 | D31: 4732516571 | E31: 4732516571 | F31: 5589091262
A34: PHÂN TÍCH DANH MỤC TÍN DỤNG
A35: PHÂN THEO PHƯƠNG THỨC CẤP TD | B35: 2019 | C35: 2020 | D35: 2021 | E35: 2022 | F35: 2023
A36: 1. Cho vay các tổ chức kinh tế, cá nhân trong nước | B36: 726968213 | C36: 832010220 | D36: 951443830 | E36: 1136450786 | F36: 1258418586
A37: 2. Cho vay chiết khấu công cụ chuyển nhượng và các giấy tờ có giá | B37: 3172630 | C37: 2549713 | D37: 3879226 | E37: 2908120 | F37: 3396873
A38: 3. Cho thuê tài chính | B38: 4429029 | C38: 4608056 | D38: 4376120 | E38: 4991115 | F38: 6055394
A39: 4. Các khoản trả thay khách hàng | B39: 1000 | D39: 889 | E39: 7409 | F39: 1646618
A40: 5. Cho vay đối với các tổ chức, cá nhân nước ngoài | B40: 136019 | C40: 620272 | D40: 1049890 | E40: 708820 | F40: 841547
A41: TỔNG | B41: =SUM(B36:B40) -> 734706891 | C41: =SUM(C36:C40) -> 839788261 | D41: =SUM(D36:D40) -> 960749955 | E41: =SUM(E36:E40) -> 1145066250 | F41: =SUM(F36:F40) -> 1270359018
A42: PHÂN THEO THỜI HẠN
A43: Tín dụng ngắn hạn | B43: 384355979 | C43: 434373690 | D43: 508285894 | E43: 651421776 | F43: 790604807
A44: Tín dụng trung hạn | B44: 48461992 | C44: 43091944 | D44: 40535854 | E44: 41726956 | F44: 46175347
A45: Tín dụng dài hạn | B45: 301888920 | C45: 362322627 | D45: 411928207 | E45: 451917518 | F45: 433578864
A46: TỔNG | B46: =SUM(B43:B45) -> 734706891 | C46: =SUM(C43:C45) -> 839788261 | D46: =SUM(D43:D45) -> 960749955 | E46: =SUM(E43:E45) -> 1145066250 | F46: =SUM(F43:F45) -> 1270359018
A47: PHÂN THEO KHÁCH HÀNG
A48: 1. Doanh nghiệp nhà nước | B48: 61597154 | C48: 66893804 | D48: 60146527 | E48: 63930380 | F48: 80144585
A49: 2. CTCP khác, Công ty TNHH khác, Doanh nghiệp tư nhân, Công ty hợp danh | B49: 139575487 | C49: 155046852 | D49: 169542086 | E49: 203088337 | F49: 207339020
A50: 3. Doanh nghiệp có vốn đầu tư nước ngoài | B50: 43644729 | C50: 52121844 | D50: 66611876 | E50: 85943755 | F50: 109476021
A51: 4. Cá nhân, hộ kinh doanh | B51: 315781580 | C51: 380751584 | D51: 448102945 | E51: 540349776 | F51: 566326189
A52: 5. Hợp tác xã và liên hiệp hợp tác xã | B52: 2268308 | C52: 2653308 | D52: 2819975 | E52: 2289294 | F52: 1212185
A53: 6. Đơn vị hành chính sự nghiệp, Đảng, đoàn thể và hiệp hội
A54: 7. Cho vay tại chi nhánh nước ngoài
A55: 8. Cho khoản cho vay giao dịch ký quỹ và ứng trước cho khách hàng
A56: 9. Thành phần kinh tế khác | B56: 171839633 | C56: 182320869 | D56: 213526546 | E56: 249464708 | F56: 305861018
A57: TỔNG | B57: =SUM(B48:B56) -> 734706891 | C57: =SUM(C48:C56) -> 839788261 | D57: =SUM(D48:D56) -> 960749955 | E57: =SUM(E48:E56) -> 1145066250 | F57: =SUM(F48:F56) -> 1270359018
A58: PHÂN TÍCH THEO NGÀNH
A59: 1. Công nghiệp chế biến, chế tạo | B59: 174032670 | C59: 178521411 | D59: 203057429 | E59: 243683447 | F59: 280386148
A60: 2. Sản xuất và phân phối điện, khí đốt và nước | B60: 30411521 | C60: 40333441 | D60: 59813456 | E60: 58615950 | F60: 54975004
A61: 3. Xây dựng | B61: 32357572 | C61: 71273525 | D61: 86628722 | E61: 75113942 | F61: 81091024
A62: 4. Vận tải kho bãi và thông tin liên lạc | B62: 24742604 | C62: 26843614 | D62: 28715341 | E62: 31585533 | F62: 33448171
A63: 5. Khai khoáng | B63: 14458842 | C63: 14591656 | D63: 15084113 | E63: 19084011 | F63: 20413414
A64: 6. Nông, lâm, thủy hải sản | B64: 16122626 | C64: 17069197 | D64: 25096242 | E64: 36100729 | F64: 38732650
A65: 7. Nhà hàng, khách sạn | B65: 12837989 | C65: 10166471 | D65: 16921726 | E65: 18278882 | F65: 19622160
A66: 8. Hoạt động dịch vụ khác/ Thương mại dịch vụ | B66: 131856583 | C66: 202773035 | D66: 152212435 | E66: 184463459 | F66: 204168323
A67: 9. Dư nợ khác | B67: 297886484 | C67: 278215911 | D67: 373220491 | E67: 478140297 | F67: 537522124
A68: TỔNG | B68: =SUM(B59:B67) -> 734706891 | C68: =SUM(C59:C67) -> 839788261 | D68: =SUM(D59:D67) -> 960749955 | E68: =SUM(E59:E67) -> 1145066250 | F68: =SUM(F59:F67) -> 1270359018
A69: PHÂN TÍCH THEO CHẤT LƯỢNG TÍN DỤNG
B70: 2019 | C70: 2020 | D70: 2021 | E70: 2022 | F70: 2023
A71: Nợ đủ tiêu chuẩn | B71: 726342426 | C71: 830204517 | D71: 951130994 | E71: 1133162470 | F71: 1252344351
A72: Nợ cần chú ý | B72: 2560532 | C72: 4354175 | D72: 3497833 | E72: 4083359 | F72: 5559700
A73: Nợ dưới tiêu chuẩn | B73: 686839 | C73: 596591 | D73: 743995 | E73: 414767 | F73: 1737243
A74: Nợ nghi ngờ | B74: 587253 | C74: 223292 | D74: 965987 | E74: 782370 | F74: 2876975
A75: Nợ có khả năng mất vốn | B75: 4529841 | C75: 4409686 | D75: 4411146 | E75: 6623284 | F75: 7840749
A76: Tổng nợ | B76: =SUM(B71:B75) -> 734706891 | C76: =SUM(C71:C75) -> 839788261 | D76: =SUM(D71:D75) -> 960749955 | E76: =SUM(E71:E75) -> 1145066250 | F76: =SUM(F71:F75) -> 1270359018
A81: PHÂN TÍCH NGUỒN VỐN TIỀN GỬI
A82: PHÂN THEO LOẠI TIỀN GỬI | B82: 2019 | C82: 2020 | D82: 2021 | E82: 2022 | F82: 2023
A83: 1. Tiền gửi không kỳ hạn | B83: 262977124 | C83: 307026182 | D83: 367149083 | E83: 402103803 | F83: 461311977
A84: 2. Tiền gửi tiết kiệm và có kỳ hạn | B84: 642710681 | C84: 693604644 | D84: 730223470 | E84: 821676266 | F84: 904764077
A85: 3. Tiền gửi vốn chuyên dùng | B85: 21019106 | C85: 27325921 | D85: 31642014 | E85: 9839982 | F85: 17801433
A86: 4. Tiền gửi ký quỹ | B86: 1743958 | C86: 4156820 | D86: 6309346 | E86: 9848420 | F86: 11820124
A87: TỔNG | B87: =SUM(B83:B86) -> 928450869 | C87: =SUM(C83:C86) -> 1032113567 | D87: =SUM(D83:D86) -> 1135323913 | E87: =SUM(E83:E86) -> 1243468471 | F87: =SUM(F83:F86) -> 1395697611
A88: PHÂN THEO KHÁCH HÀNG
A89: TCKT | B89: 461608933 | C89: 522325061 | D89: 569423275 | E89: 637317087 | F89: 701076891
A90: Cá nhân | B90: 466841936 | C90: 509788506 | D90: 565900638 | E90: 606151384 | F90: 694620720
A91: TỔNG | B91: =B89+B90 -> 928450869 | C91: =C89+C90 -> 1032113567 | D91: =D89+D90 -> 1135323913 | E91: =E89+E90 -> 1243468471 | F91: =F89+F90 -> 1395697611
A93: PHÂN TÍCH CƠ CẤU KỲ HẠN CỦA TIỀN GỞI KHÁCH HÀNG
B94: 2019 | C94: 2020 | D94: 2021 | E94: 2022 | F94: 2023
A95: Dưới 1 tháng | C95: 268036045 | D95: 282882615 | E95: 298907564 | F95: 772395442
A96: Từ 1-3 tháng | C96: 200376333 | D96: 186742490 | E96: 183094249 | F96: 207338036
A97: Từ 3-12 tháng | C97: 303749974 | D97: 322343976 | E97: 425479160 | F97: 408839382
A98: Từ 1-5 năm | C98: 56088901 | D98: 46328445 | E98: 105224492 | F98: 7092985
A99: Trên 5 năm | C99: 203862314 | D99: 297026387 | E99: 231795424 | F99: 28766
A100: TỔNG | B100: =SUM(B95:B99) -> 0 | C100: =SUM(C95:C99) -> 1032113567 | D100: =SUM(D95:D99) -> 1135323913 | E100: =SUM(E95:E99) -> 1244500889 | F100: =SUM(F95:F99) -> 1395694611
A103: CƠ CẤU DANH MỤC ĐẦU TƯ CỦA NGÂN HÀNG | B103: 2019 | C103: 2020 | D103: 2021 | E103: 2022 | F103: 2023
A104: Chứng khoán kinh doanh | B104: 1801126 | C104: 1954061 | D104: 2766098 | E104: 1499687 | F104: 2495408
A105: Chứng khoán sẵn sàng bán | B105: 35699090 | C105: 42148831 | D105: 71122502 | E105: 100739670 | F105: 67882480
A106: Chứng khoán giữ đến ngày đáo hạn | B106: 132271302 | C106: 115382544 | D106: 99657595 | E106: 95513376 | F106: 78009747
A107: Góp vốn, đầu tư dài hạn khác | B107: 2464493 | C107: 2239006 | D107: 2346176 | E107: 2193535 | F107: 2224945
A109: KHẢ NĂNG DỰ TRỮ THANH KHOẢN CỦA NGÂN HÀNG | B109: 2019 | C109: 2020 | D109: 2021 | E109: 2022 | F109: 2023
A110: Tiền quỹ | B110: 13778358 | C110: 15095394 | D110: 18011766 | E110: 18348534 | F110: 14504849
...

Sheet CAR
B1: 2019 | C1: 2020 | D1: 2021 | E1: 2022 | F1: 2023
A2: VỐN TỰ CÓ
A3: VỐN CẤP 1 | B3: 80343947 | C3: 93667389 | D3: 108687714 | E3: 134749957 | F3: 164110931
A4: Vốn của tổ chức tín dụng
A5: Vốn dự trữ bổ sung vốn điều lệ
A6: Các quỹ của ngân hàng
A7: Lợi nhuận chưa phân phối
A8: Chênh lệch tỷ giá hoái đoái
A9: Lợi thế thương mại
A10: Cổ phiếu quỹ
A11: Góp vốn vào các doanh nghiệp và tổ chức tín dụng khác
A12: VỐN CẤP 2 | B12: 14738247 | C12: 11814657 | D12: 12478403 | E12: 14651330 | F12: 16720193
A13: 50% Chênh lệch đánh giá lại tài sản
A14: Dự phòng chung
A15: Trái phiếu kỳ hạn trên 5 năm
A16: Phần giá trị chênh lệch dương giữa dự phòng chung và 1,25% của "Tổng tài sản có rủi ro" quy định tại Phụ lục
A17: Phần giá trị chênh lệch dương giữa khoản mục trái phiếu và 50% của vốn cấp 1
A18: Các khoản giảm trừ (đồng) (Y) | B18: -1612388 | C18: -1342388 | D18: -1194876 | E18: -1193012 | F18: -1190076
A19: VỐN TỰ CÓ | B19: =B3+B12+B18 -> 93469806 | C19: =C3+C12+C18 -> 104139658 | D19: =D3+D12+D18 -> 119971241 | E19: =E3+E12+E18 -> 148208275 | F19: =F3+F12+F18 -> 179641048
A21: TÀI SẢN CÓ RỦI RO
B22: 2019 | C22: 2020 | D22: 2021 | E22: 2022 | F22: 2023
A23: Tiền mặt, vàng bạc, đá quý (Y) | B23: 0 | C23: 0 | D23: 0 | E23: 0 | F23: 0
A24: Khoản phải đòi Chính phủ (trong và ngoài nước) (Y) | B24: 439293 | C24: 217272 | D24: 318966 | E24: 224416 | F24: 399239
A25: Khoản phải đòi Tổ chức tài chính (Y) | B25: 162610224 | C25: 188305681 | D25: 197646089 | E25: 180889879 | F25: 233493158
A26: Cho vay Thế chấp nhà ở (Y) | B26: 0 | C26: 0 | D26: 0 | E26: 0 | F26: 0
A27: Cho vay Đảm bảo bằng BĐS (Y) | B27: 0 | C27: 0 | D27: 0 | E27: 0 | F27: 0
A28: Danh mục cấp tín dụng bán lẻ (Y) | B28: 239476405 | C28: 296751828 | D28: 360955989 | E28: 441741395 | F28: 443923361
A29: Khoản phải đòi Doanh nghiệp (Y) | B29: 467673104 | C29: 456968779 | D29: 553865877 | E29: 658098446 | F29: 704560933
A30: Các khoản phải đòi khác (Y) | B30: 10115049 | C30: 9463306 | D30: 7338279 | E30: 4021738 | F30: 0
A31: Nợ xấu (Y) | B31: 1639280 | C31: 1365829 | D31: 10442119 | E31: 1906348 | F31: 4203669
A32: Cho thuê tài chính (Y) | B32: 6633031 | C32: 6850823 | D32: 6380496 | E32: 7344027 | F32: 8591933
A33: Các loại tài sản khác (Y) | B33: 16277824 | C33: 21509298 | D33: 31097247 | E33: 61216035 | F33: 30111973
A34: Tổng tài sản có rủi ro tín dụng (Y) | B34: 904864210 | C34: 976688767 | D34: 1168045062 | E34: 1355442284 | F34: 1425284266
... A37: Vốn yêu cầu cho rủi ro hoạt động (đồng) (Y) | B37: 6841243 | C37: 7979568 | D37: 8984080 | E37: 10255744 | F37: 11584278
A38: Tỷ lệ an toàn vốn cấp 1 (Y) | B38: =B3/(SUM(B34:B35)+12.5*SUM(B36:B37)) -> 0.080246724 | C38: =C3/(SUM(C34:C35)+12.5*SUM(C36:C37)) -> 0.085992045 | D38: =D3/(SUM(D34:D35)+12.5*SUM(D36:D37)) -> 0.08437103 | E38: =E3/(SUM(E34:E35)+12.5*SUM(E36:E37)) -> 0.090470695 | F38: =F3/(SUM(F34:F35)+12.5*SUM(F36:F37)) -> 0.10407359
A39: Tỷ lệ an toàn vốn (Y) | B39: =B19/(SUM(B34:B35)+12.5*SUM(B36:B37)) -> 0.093356699 | C39: =C19/(SUM(C34:C35)+12.5*SUM(C36:C37)) -> 0.09560619 | D39: =D19/(SUM(D34:D35)+12.5*SUM(D36:D37)) -> 0.093130096 | E39: =E19/(SUM(E34:E35)+12.5*SUM(E36:E37)) -> 0.099506567 | F39: =F19/(SUM(F34:F35)+12.5*SUM(F36:F37)) -> 0.11392226

Sheet IS
A1: BÁO CÁO KQKD | B1: 2019 | C1: 2020 | D1: 2021 | E1: 2022 | F1: 2023
A2: Thu nhập lãi thuần | B2: 34577350 | C2: 36285475 | D2: 42399617 | E2: 53246478 | F2: 53620869
A3: -TN từ lãi và các khoản TN tương tự | B3: 67724190 | C3: 69205134 | D3: 70749002 | E3: 88112700 | F3: 108122278
A4: -CP lãi và các CP tương tự | B4: -33146840 | C4: -32919659 | D4: -28349385 | E4: -34866222 | F4: -54501409
A5: Lãi/Lỗ thuần từ HĐ DV | B5: 4306844 | C5: 6607317 | D5: 7407073 | E5: 6839100 | F5: 5779723
A6: -TN từ hoạt động dịch vụ | B6: 9002507 | C6: 10588163 | D6: 11286516 | E6: 12425007 | F6: 12632739
A7: -CPhoạt động dịch vụ | B7: -4695663 | C7: -3980846 | D7: -3879443 | E7: -5585907 | F7: -6853016
A8: Lãi/Lỗ thuần từ HĐKDNH | B8: 3378274 | C8: 3906399 | D8: 4374820 | E8: 5768445 | F8: 5660028
A9: Lãi/Lỗ thuần từ MB CKKD | B9: 145982 | C9: 1810 | D9: 104114 | E9: -115194 | F9: 124217
A10: Lãi/Lỗ thuần từ MB CKĐT | B10: 7040 | C10: -98 | D10: -85126 | E10: 81595
A11: Lãi/Lỗ thuần từ HĐ khác | B11: 3069795 | C11: 1800253 | D11: 2393261 | E11: 2053961 | F11: 2272169
A12: Thu nhập từ hoạt động khác | B12: 3427765 | C12: 2544714 | D12: 3100370 | E12: 2928339 | F12: 4050144
A13: Chi phí hoạt động khác | B13: -357970 | C13: -744461 | D13: -707109 | E13: -874378 | F13: -1777975
A14: TN từ HĐ góp vốn mua CP | B14: 245096 | C14: 461385 | D14: 129810 | E14: 208436 | F14: 266456
A15: Tổng thu nhập hoạt động | B15: =SUM(B2,B5,B8:B11,B14) -> 45730381 | C15: =SUM(C2,C5,C8:C11,C14) -> 49062541 | D15: =SUM(D2,D5,D8:D11,D14) -> 56723569 | E15: =SUM(E2,E5,E8:E11,E14) -> 68082821 | F15: =SUM(F2,F5,F8:F11,F14) -> 67723462
A16: Chi phí hoạt động | B16: -15817575 | C16: -16038250 | D16: -17574188 | E16: -21250512 | F16: -21914899
A17: Lợi nhuận từ HDKD trước CPDP RRTD | B17: 29912806 | C17: 33024291 | D17: 39149381 | E17: 46832309 | F17: 45808563
A18: Chi phí dự phòng RRTD | B18: -6790429 | C18: -9974730 | D18: -11760801 | E18: -9464218 | F18: -4564876
A19: Tổng lợi nhuận trước thuế | B19: =B17+B18 -> 23122377 | C19: =C17+C18 -> 23049561 | D19: =D17+D18 -> 27388580 | E19: =E17+E18 -> 37368091 | F19: =F17+F18 -> 41243687
A20: Chi phí thuế TNDN | B20: -4596389 | C20: -4577043 | D20: -5449535 | E20: -7449037 | F20: -8189239
A21: Chi phí thuế TN hiện hành | B21: -4992464 | C21: -5081068 | D21: -4547363 | E21: -8406860 | F21: -8079401
A22: Chi phí thuế TNDN giữ lại | B22: 396075 | C22: 504025 | D22: -902172 | E22: 957823 | F22: -109838
A23: LNST TNDN | B23: =B19+B20 -> 18525988 | C23: =C19+C20 -> 18472518 | D23: =D19+D20 -> 21939045 | E23: =E19+E20 -> 29919054 | F23: =F19+F20 -> 33054448
A24: Lợi ích của cổ đông thiểu số | B24: 15090 | C24: 21207 | D24: 20232 | E24: 20040 | F24: 21245
A25: Lợi nhuận sau thuế Ngân hàng mẹ | B25: 18510898 | C25: 18451311 | D25: 21918813 | E25: 29899014 | F25: 33033203
A28: THU NHẬP BÌNH QUÂN THEO THỜI GIAN
B30: 2019 | C30: 2020 | D30: 2021 | E30: 2022 | F30: 2023
A31: Tổng số cán bộ, công nhân viên | B31: 18948 | C31: 20062 | D31: 21670 | E31: 22599 | F31: 23493
A32: Tổng quỹ lương và phụ cấp | B32: 7807100 | C32: 7674765 | D32: 8499318 | E32: 9564154 | F32: 10553274
A33: Thu nhập bình quân tháng/người (triệu VND) | B33: =B32/B31/12 -> 34.335638 | C33: =C32/C31/12 -> 31.879361 | D33: =D32/D31/12 -> 32.684656 | E33: =E32/E31/12 -> 35.267615 | F33: =F32/F31/12 -> 37.434108

Sheet CF
A1: BÁO CÁO LCTT: PPTT | B1: 2015 | C1: 2016 | D1: 2017 | E1: 2018 | F1: 2019
A2: LCTT từ HĐKD
A3: 1. Thu nhập lãi và các khoản tương tự | B3: 66956606 | C3: 70063617 | D3: 70805813 | E3: 86084771 | F3: 108115649
A4: 2. Chi phí lãi và các khoản tương tự | B4: -31567168 | C4: -33194191 | D4: -28835100 | E4: -31709129 | F4: -47454819
A5: 3. Thu nhập từ HĐ dịch vụ nhận được | B5: 4306844 | C5: 6607317 | D5: 5727973 | E5: 5160000 | F5: 4100623
A6: 4. Thu nhập từ HĐ kinh doanh ngoại tệ, vàng | B6: 3068655 | C6: 3464399 | D6: 4666765 | E6: 6001404 | F6: 5242957
A7: 5. Thu nhập từ HĐ kinh doanh chứng khoán
A8: 6. Thu nhập khác | B8: -115005 | C8: -628988 | D8: -526224 | E8: -351728 | F8: 179388
A9: 7. Tiền thu từ các khoản nợ đã được xử lý | B9: 3179526 | C9: 2421725 | D9: 2912230 | E9: 2394744 | F9: 2090116
A10: 8. Tiền trả cho nhân viên và nhà cung cấp | B10: -14532712 | C10: -14525026 | D10: -16384599 | E10: -19834116 | F10: -19932948
A11: 9. Tiền chi nộp thuế TNDN | B11: -4827328 | C11: -4680317 | D11: -5877802 | E11: -3976351 | F11: -8969967
A12: Tăng/giảm về tài sản hoạt động
A13: 10. (Tăng)/Giảm về tiền gửi và cho vay TCTD khác | B13: 2189341 | C13: 4040576 | D13: -13107318 | E13: -15019465 | F13: 10780289
A14: 11. (Tăng)/giảm về kinh doanh chứng khoán | B14: -17562680 | C14: 10336784 | D14: -14079392 | E14: 5431755 | F14: 19792999
A15: 12. (Tăng)/Giảm CCTC phái sinh và TSTC khác | B15: 177671 | C15: 98312 | D15: -303202 | E15: 146687 | F15: 156515
A16: 13. (Tăng)/Giảm các khoản cho vay khách hàng | B16: -102840133 | C16: -105081370 | D16: -120961694 | E16: -184316295 | F16: -125292768
A17: 14. (Tăng)/Giảm lãi, phí phải thu
A18: 15. Tăng/(Giảm) nguồn dự phòng bù đắp tổn thất | B18: -4502397 | C18: -2805965 | D18: -2538370 | E18: -3530346 | F18: -5758202
A19: 16. (Tăng)/Giảm khác về tài sản hoạt động | B19: -3354149 | C19: 1613500 | D19: -9978820 | E19: -28925742 | F19: 30781829
A20: Tăng giảm về nợ hoạt động
A21: 17. Tăng/(Giảm) khoản nợ chính phủ và NHNN | B21: 1680491 | C21: -51188811 | D21: -31708879 | E21: 57846700 | F21: -65643979
A22: 18. Tăng/(Giảm) khoản tiền gửi và vay TCTD khác | B22: -2906994 | C22: 29966748 | D22: 6173944 | E22: 122753073 | F22: -18671870
A23: 19. Tăng/(Giảm) tiền gửi của khách hàng | B23: 126521754 | C23: 103662698 | D23: 103210346 | E23: 108144558 | F23: 152229140
A24: 20. Tăng/(Giảm) CCTC phái sinh và nợ TC khác | C24: 52031 | D24: -52031 | F24: 117752
A25: 21. Tăng/(Giảm) phát hành giấy tờ có giá | B25: -77572 | C25: -144015 | D25: -3853426 | E25: 7950797 | F25: -5425274
A26: 22. Tăng/(Giảm) vốn uỷ thác của CP và TCTD khác | B26: -5372 | C26: -5752 | D26: -6972 | E26: -4409 | F26: -2933
A27: 23. Tăng/(Giảm) lãi, phí phải trả
A28: 24. Tăng/(Giảm) khác về công nợ hoạt động | B28: 720675 | C28: 7396305 | D28: 950748 | E28: 71713235 | F28: -72173193
A29: 25. Tăng/(Giảm) chi từ các quỹ của TCTD | B29: -1434221 | C29: -1866142 | D29: -2786463 | E29: -2538654 | F29: -2802834
A30: LCTT thuần từ HĐKD | B30: 25075832 | C30: 25603435 | D30: -56552473 | E30: 183421489 | F30: -38541530
A31: Lưu chuyển tiền từ hoạt động đầu tư
A32: 1. Tiền mua TSCĐ và các TSDH khác | B32: -1005065 | C32: -3001902 | D32: -1621433 | E32: -711567 | F32: -1008160
A33: 2. Tiền thu được từ thanh lý, nhượng bán TSCĐ | B33: 11589 | C33: 10569 | D33: 8456 | E33: 15753 | F33: 9435
A34: 3. Tiền chi từ thanh lý, nhượng bán TSCĐ | B34: -6315 | C34: -3053 | D34: -1201 | E34: -4808 | F34: -6770
A35: 4. Mua sắm Bất động sản đầu tư
A36: 5. Tiền thu từ bán, thanh lý BĐS đầu tư
A37: 6. Tiền chi cho việc bán, thanh lý BĐS đầu tư
A38: 7. Tiền chi đầu tư, góp vốn vào đơn vị khác | D38: -83502
A39: 8. Tiền thu hồi đầu tư, góp vốn vào đơn vị khác | B39: 95773 | C39: 605274 | D39: 13791 | E39: 201899
A40: 9. Tiền thu từ cổ tức và lợi nhuận được chia | B40: 197571 | C40: 83959 | D40: 93953 | E40: 106555 | F40: 146088
A41: Lưu chuyển tiền thuần từ hoạt động đầu tư | B41: =SUM(B32:B40) -> -706447 | C41: =SUM(C32:C40) -> -2305153 | D41: =SUM(D32:D40) -> -1589936 | E41: =SUM(E32:E40) -> -392168 | F41: =SUM(F32:F40) -> -859407
A42: Lưu chuyển tiền từ hoạt động tài chính
A43: 1. Tiền thu từ phát hành cổ phiếu và vốn góp | B43: 6106477
A44: 2. Tiền thu từ phát hành giấy tờ có giá dài hạn
A45: 3. Tiền chi thanh toán giấy tờ có giá dài hạn
A46: 4. Cổ tức đã trả cổ đông và lợi nhuận đã chia | B46: -2219483 | C46: -2986115 | D46: -1886298 | E46: -3348022 | F46: -15627
A47: 5. Tiền chi ra mua cổ phiếu quỹ
A48: 6. Tiền thu được do bán cổ phiếu quỹ
A49: Lưu chuyển tiền từ hoạt động tài chính | B49: =SUM(B43:B48) -> 3886994 | C49: =SUM(C43:C48) -> -2986115 | D49: =SUM(D43:D48) -> -1886298 | E49: =SUM(E43:E48) -> -3348022 | F49: =SUM(F43:F48) -> -15627
A50: Lưu chuyển tiền thuần trong kỳ | B50: =B30+B41+B49 -> 28256379 | C50: =C30+C41+C49 -> 20312167 | D50: =D30+D41+D49 -> -60028707 | E50: =E30+E41+E49 -> 179681299 | F50: =F30+F41+F49 -> -39416564
A51: Tiền và tương đương tiền đầu kỳ | B51: 244014156 | C51: 272270535 | D51: 292582702 | E51: 232553995 | F51: 412235294
A52: Ảnh hưởng của thay đổi tỷ giá hối đoái quy đổi ngoại tệ
A53: Tiền và tương đương tiền cuối kỳ | B53: 272270535 | C53: 292582702 | D53: 232553995 | E53: 412235294 | F53: 372818730
A55: BÁO CÁO LCTT | B55: 2015 | C55: 2016 | D55: 2017 | E55: 2018 | F55: 2019
A56: LCTT thuần từ HĐKD | B56: =B30 -> 25075832 | C56: =C30 -> 25603435 | D56: =D30 -> -56552473 | E56: =E30 -> 183421489 | F56: =F30 -> -38541530
A57: LCTT thuần từ hoạt động đầu tư | B57: =B41 -> -706447 | C57: =C41 -> -2305153 | D57: =D41 -> -1589936 | E57: =E41 -> -392168 | F57: =F41 -> -859407
A58: LCTT thuần từ hoạt động tài chính | B58: =B49 -> 3886994 | C58: =C49 -> -2986115 | D58: =D49 -> -1886298 | E58: =E49 -> -3348022 | F58: =F49 -> -15627
A59: LCTT thuần trong kỳ | B59: =SUM(B56:B58) -> 28256379 | C59: =SUM(C56:C58) -> 20312167 | D59: =SUM(D56:D58) -> -60028707 | E59: =SUM(E56:E58) -> 179681299 | F59: =SUM(F56:F58) -> -39416564
A60: Tiền và tương đương tiền đầu kỳ | B60: =B51 -> 244014156 | C60: =C51 -> 272270535 | D60: =D51 -> 292582702 | E60: =E51 -> 232553995 | F60: =F51 -> 412235294
A61: Tiền và tương đương tiền cuối kỳ | B61: =B53 -> 272270535 | C61: =C53 -> 292582702 | D61: =D53 -> 232553995 | E61: =E53 -> 412235294 | F61: =F53 -> 372818730
A62: CƠ CẤU DÒNG TIỀN
A63: LCTT thuần từ HĐKD | C63: =C56/$C$59 -> 1.2604975 | D63: =D56/$D$59 -> 0.94209047 | E63: =E56/$E$59 -> 1.0208157 | F63: =F56/$F$59 -> 0.97780035
A64: LCTT thuần từ hoạt động đầu tư | C64: =C57/$C$59 -> -0.11348632 | D64: =D57/$D$59 -> 0.026486261 | E64: =E57/$E$59 -> -0.0021825755 | F64: =F57/$F$59 -> 0.021803194
A65: LCTT thuần từ hoạt động tài chính | C65: =C58/$C$59 -> -0.14701115 | D65: =D58/$D$59 -> 0.031423266 | E65: =E58/$E$59 -> -0.018633113 | F65: =F58/$F$59 -> 0.00039645769
A66: LCTT thuần trong kỳ | C66: =C59/$C$59 -> 1 | D66: =D59/$D$59 -> 1 | E66: =E59/$E$59 -> 1 | F66: =F59/$F$59 -> 1

Sheet KEY RATIOS
A1: 1 | B1: TÓM TẮT THÔNG TIN TÀI CHÍNH
F2: Đvt: triệu đồng
B3: KẾT QUẢ KINH DOANH | C3: 2020 | D3: 2021 | E3: 2022 | F3: 2023
B4: Tổng thu nhập | C4: 49062541 | D4: 56723569 | E4: 68082821 | F4: 67723462
B5: Tổng chi phí | C5: -16038250 | D5: -17574188 | E5: -21250512 | F5: -21914899
B6: Lợi nhuận trước thuế | C6: 23049561 | D6: 27388580 | E6: 37368091 | F6: 41243687
B7: Lợi nhuận sau thuế | C7: 18472518 | D7: 21939045 | E7: 29919054 | F7: 33054448
B8: LNST của CĐ cty mẹ | C8: 18451311 | D8: 21918813 | E8: 29899014 | F8: 33033203
B9: CÂN ĐỐI KẾ TOÁN | C9: 2020 | D9: 2021 | E9: 2022 | F9: 2023
B10: Tổng tài sản Có | C10: 1813815170 | D10: 1414672587 | E10: 1326230092 | F10: 1222718858
B11: - Cho vay khách hàng ròng | C11: 1120286832 | D11: 934774287 | E11: 820545467 | F11: 724290102
B12: - Các khoản đầu tư (CKKD), CKĐT, Góp vốn dài hạn | C12: 161124164 | D12: 175716974 | E12: 199864435 | F12: 150500420
B13: Tổng nợ phải trả | C13: 1232135113 | D13: 1305555194 | E13: 1678169085 | F13: 1674600532
B14: - Tiền gửi (Khách hàng+TCTD) | C14: 1135697400 | D14: 1245081690 | E14: 1475979321 | F14: 1609536591
... B16: CHỈ TIÊU CƠ BẢN | C16: 2020 | D16: 2021 | E16: 2022 | F16: 2023
B17: ROA | C17: =C7/AVERAGE(BS!B$13:C$13) -> 0.014494224 | D17: =D7/AVERAGE(BS!C$13:D$13) -> 0.016008627 | E17: =E7/AVERAGE(BS!D$13:E$13) -> 0.018534408 | F17: =F7/AVERAGE(BS!E$13:F$13) -> 0.01809503
B18: ROE | C18: =C7/AVERAGE(BS!B23:C23) -> 0.21114108 | D18: =D7/AVERAGE(BS!C23:D23) -> 0.21592234 | E18: =E7/AVERAGE(BS!D23:E23) -> 0.24447319 | F18: =F7/AVERAGE(BS!E23:F23) -> 0.21988017
B19: Lãi cơ bản trên cổ phiếu - EPS (VND) | C19: 4470 | D19: 4195 | E19: 5821 | F19: 5449
B20: BVPS | C20: 19203.68 | D20: 22389.116 | E20: 28049.006 | F20: 29043.381
B21: P/E | C21: 25.110052 | D21: 14.405593 | E21: 10.722115 | F21: 13.586452
A24: 2 | B24: CÁC CHỈ SỐ TÀI CHÍNH
B27: Các tỷ số VCB | C27: 2020 | D27: 2021 | E27: 2022 | F27: 2023
B28: Tỷ suất sinh lời | H28: Công thức
B29: ROE | C29: =C7/AVERAGE(BS!B23:C23) -> 0.21114108 | D29: =D7/AVERAGE(BS!C23:D23) -> 0.21592234 | E29: =E7/AVERAGE(BS!D23:E23) -> 0.24447319 | F29: =F7/AVERAGE(BS!E23:F23) -> 0.21988017 | H29: Lợi nhuận sau thuế / Trung bình vốn chủ sở hữu đầu kỳ và cuối kỳ
B30: ROA | C30: =C7/AVERAGE(BS!B$13:C$13) -> 0.014494224 | D30: =D7/AVERAGE(BS!C$13:D$13) -> 0.016008627 | E30: =E7/AVERAGE(BS!D$13:E$13) -> 0.018534408 | F30: =F7/AVERAGE(BS!E$13:F$13) -> 0.01809503 | H30: Lợi nhuận sau thuế / Trung bình tổng tài sản đầu kỳ và cuối kỳ
B31: NIM (CV) | C31: =IS!C2/(SUM(BS!B8:C8)/2) -> 0.046976488 | D31: =IS!D2/(SUM(BS!C8:D8)/2) -> 0.04830985 | E31: =IS!E2/(SUM(BS!D8:E8)/2) -> 0.051819849 | F31: =IS!F2/(SUM(BS!E8:F8)/2) -> 0.045403665 | H31: Thu nhập lãi thuần/ Trung bình Cho vay khách hàng đầu kỳ và cuối kỳ
B32: NIM (TSSL) | C32: =IS!C2/AVERAGE(SUM(BS!B4:B6,BS!B8:B9),SUM(BS!C4:C6,BS!C8:C9)) -> 0.029520606 | D32: =IS!D2/AVERAGE(SUM(BS!C4:C6,BS!C8:C9),SUM(BS!D4:D6,BS!D8:D9)) -> 0.032158001 | E32: =IS!E2/AVERAGE(SUM(BS!D4:D6,BS!D8:D9),SUM(BS!E4:E6,BS!E8:E9)) -> 0.034569245 | F32: =IS!F2/AVERAGE(SUM(BS!E4:E6,BS!E8:E9),SUM(BS!F4:F6,BS!F8:F9)) -> 0.030564723 | H32: Thu nhập lãi thuần/ Trung bình (Tiền gửi tại NHNN + Tiền gửi và cho vay các TCTD khác + Chứng khoán kinh doanh + Cho vay khách hàng + Chứng khoán đầu tư)
B33: YEA | C33: =IS!C3/AVERAGE(SUM(BS!B4:B6,BS!B8:B9),SUM(BS!C4:C6,BS!C8:C9)) -> 0.056302901 | D33: =IS!D3/AVERAGE(SUM(BS!C4:C6,BS!C8:C9),SUM(BS!D4:D6,BS!D8:D9)) -> 0.0536596 | E33: =IS!E3/AVERAGE(SUM(BS!D4:D6,BS!D8:D9),SUM(BS!E4:E6,BS!E8:E9)) -> 0.057205465 | F33: =IS!F3/AVERAGE(SUM(BS!E4:E6,BS!E8:E9),SUM(BS!F4:F6,BS!F8:F9)) -> 0.061631368 | H33: Thu nhập lãi và các khoản tương tự/ Trung bình (Tiền gửi tại NHNN + Tiền gửi và cho vay các TCTD khác + Chứng khoán kinh doanh + Cho vay khách hàng + Chứng khoán đầu tư)
B34: COF | C34: =ABS(IS!C4)/AVERAGE(SUM(BS!B16:B18,BS!B21),SUM(BS!C16:C18,BS!C21)) -> 0.028453433 | D34: =ABS(IS!D4)/AVERAGE(SUM(BS!C16:C18,BS!C21),SUM(BS!D16:D18,BS!D21)) -> 0.022954483 | E34: =ABS(IS!E4)/AVERAGE(SUM(BS!D16:D18,BS!D21),SUM(BS!E16:E18,BS!E21)) -> 0.024548754 | F34: =ABS(IS!F4)/AVERAGE(SUM(BS!E16:E18,BS!E21),SUM(BS!F16:F18,BS!F21)) -> 0.03406602 | H34: Chi phí lãi và các khoản tương tự/ Trung bình (Các khoản nợ chính phủ và NHNN + Tiền gửi và vay các TCTD khác + Tiền gửi của khách hàng + Phát hành giấy tờ có giá) đầu kỳ và cuối kỳ
B35: Hiệu quả hoạt động | H35: Hiệu quả hoạt động
B36: Chênh lệch lợi suất (YEA - COF) | C36: =C33-C34 -> 0.027849468 | D36: =D33-D34 -> 0.030705117 | E36: =E33-E34 -> 0.032656711 | F36: =F33-F34 -> 0.027565348 | H36: YEA - COF
B37: Tỷ lệ CIR | C37: =ABS(IS!C16)/IS!C15 -> 0.32689399 | D37: =ABS(IS!D16)/IS!D15 -> 0.30982162 | E37: =ABS(IS!E16)/IS!E15 -> 0.31212737 | F37: =ABS(IS!F16)/IS!F15 -> 0.3235939 | H37: Tổng chi phí hoạt động / Tổng thu nhập hoạt động
B38: Chất lượng danh mục tài sản | H38: Chất lượng danh mục tài sản
B39: Tỷ lệ nợ xấu | C39: =SUM(BS!C73:C75)/BS!C76 -> 0.0062272471 | D39: =SUM(BS!D73:D75)/BS!D76 -> 0.0063711978 | E39: =SUM(BS!E73:E75)/BS!E76 -> 0.0068296668 | F39: =SUM(BS!F73:F75)/BS!F76 -> 0.009804289 | H39: (Nợ dưới tiêu chuẩn + Nợ nghi ngờ + Nợ xấu có khả năng mất vốn) / Cho vay khách hàng
B40: Hệ số bao phủ nợ xấu (LLR) | C40: =BS!C173/SUM(BS!C73:C75) -> 3.6796138 | D40: =BS!D173/SUM(BS!D73:D75) -> 4.243608 | E40: =BS!E173/SUM(BS!E73:E75) -> 3.1685529 | F40: =BS!F173/SUM(BS!F73:F75) -> 2.3029916 | H40: Dự phòng rủi ro cho vay khách hàng / (Nợ dưới tiêu chuẩn + Nợ nghi ngờ + Nợ xấu có khả năng mất vốn)
B41: Thanh khoản | H41: Thanh khoản
B42: Tỷ lệ dự trữ | C42: =BS!C4/BS!C18 -> 0.032108262 | D42: =BS!D4/BS!D18 -> 0.019824044 | E42: =BS!E4/BS!E18 -> 0.074435188 | F42: =BS!F4/BS!F18 -> 0.041631155 | H42: Tiền gửi tại ngân hàng nhà nước / Tiền gửi của khách hàng
B43: Tỷ lệ cho vay/Huy động (LDR)* | C43: =BS!C8/SUM(BS!C17:C18,BS!C21) -> 0.70923918 | D43: =BS!D8/SUM(BS!D17:D18,BS!D21) -> 0.7404332 | E43: =BS!E8/SUM(BS!E17:E18,BS!E21) -> 0.74620262 | F43: =BS!F8/SUM(BS!F17:F18,BS!F21) -> 0.7620215 | H43: 1. Tính đơn giản: Cho vay khách hàng/ (Tiền gửi của khách hàng + Tiền gửi của các TCTD khác + Phát hành giấy tờ có giá) 2. LDR tính đúng theo Thông tư 26/2022/TT-NHNN sửa đổi Thông tư 22/2019/TT-NHNN: (Cho vay khách hàng - Cho vay bằng vốn tài trợ, uỷ thác đầu tư - Cho vay theo chỉ định của Chính phủ) / (Tiền gửi của khách hàng + Tiền gửi của các TCTD khác - Tiền gửi vốn chuyên dụng - Tiền gửi ký quỹ + Phát hành giấy tờ có giá + Tiền gửi có kỳ hạn của KBNN *40%)
B44: Tỷ lệ CASA | C44: =SUM(BS!C83,BS!C86)/BS!C87 -> 0.30150074 | D44: =SUM(BS!D83,BS!D86)/BS!D87 -> 0.32894439 | E44: =SUM(BS!E83,BS!E86)/BS!E87 -> 0.33129286 | F44: =SUM(BS!F83,BS!F86)/BS!F87 -> 0.33899327 | H44: (Tiền gửi không kỳ hạn + Tiền ký quỹ) / (Tiền gửi của khách hàng)
B45: Chỉ số đòn bẩy | H45: Chỉ số đòn bẩy
B46: Nợ/ VCSH | C46: =BS!C15/BS!C23 -> 13.094589 | D46: =BS!D15/BS!D23 -> 11.964685 | E46: =BS!E15/BS!E23 -> 12.371674 | F46: =BS!F15/BS!F23 -> 10.148315 | H46: Nợ/ VCSH
B47: TTS/ VCSH | C47: =BS!C13/BS!C23 -> 14.094589 | D47: =BS!D13/BS!D23 -> 12.964685 | E47: =BS!E13/BS!E23 -> 13.371674 | F47: =BS!F13/BS!F23 -> 11.148315 | H47: Tổng tài sản / VCSH
B48: Giá trị thị trường | H48: Giá trị thị trường
B49: EPS | C49: 4470 | D49: 4195 | E49: 5821 | F49: 5449 | H49: Lợi nhuận sau thuế công ty mẹ /Số lượng CPLH thời điểm gần nhất
B50: BVPS | C50: 19203.68 | D50: 22389.116 | E50: 28049.006 | F50: 29043.381 | H50: Book value/ số lượng CPLH mới nhất
B51: P/E | C51: 25.110052 | D51: 14.405593 | E51: 10.722115 | F51: 13.586452 | H51: Giá đóng cửa đóng cửa/EPS
A53: 3 | B53: PHÂN TÍCH BẢN CÂN ĐỐI KẾ TOÁN
A55: 3.1 | B55: PHÂN TÍCH TĂNG TRƯỞNG TÀI SẢN & NGUỒN VỐN
B56: TÀI SẢN | C56: 2020 | D56: 2021 | E56: 2022 | F56: 2023
B57: I. Tiền mặt, vàng bạc, đá quý | C57: =BS!C3/BS!B3-1 -> 0.095587297 | D57: =BS!D3/BS!C3-1 -> 0.19319615 | E57: =BS!E3/BS!D3-1 -> 0.018697112 | F57: =BS!F3/BS!E3-1 -> -0.20948186
B58: II. Tiền gửi tại Ngân hàng nhà nước | C58: =BS!C4/BS!B4-1 -> -0.044536788 | D58: =BS!D4/BS!C4-1 -> -0.32084681 | E58: =BS!E4/BS!D4-1 -> 3.1124538 | F58: =BS!F4/BS!E4-1 -> -0.37223554
B59: III. Tiền gửi và cho vay các TCTD khác | C59: =BS!C5/BS!B5-1 -> 0.074154189 | D59: =BS!D5/BS!C5-1 -> -0.15749955 | E59: =BS!E5/BS!D5-1 -> 0.38922364 | F59: =BS!F5/BS!E5-1 -> 0.072794762
B60: IV. Chứng khoán kinh doanh ròng | C60: =BS!C6/BS!B6-1 -> 0.084910772 | D60: =BS!D6/BS!C6-1 -> 0.41556379 | E60: =BS!E6/BS!D6-1 -> -0.45783302 | F60: =BS!F6/BS!E6-1 -> 0.66395254
B61: V. Các CCTC phái sinh và TSTC khác | C61: =BS!C7/BS!B7-1 -> -1 | D61: =IFERROR(BS!D7/BS!C7-1,"") | E61: =BS!E7/BS!D7-1 -> -0.48379298 | F61: =BS!F7/BS!E7-1 -> -1
B62: VI. Cho vay khách hàng ròng | C62: =BS!C8/BS!B8-1 -> 0.13289615 | D62: =BS!D8/BS!C8-1 -> 0.13921084 | E62: =BS!E8/BS!D8-1 -> 0.19845705 | F62: =BS!F8/BS!E8-1 -> 0.10835484
B63: VII. Chứng khoán đầu tư | C63: =BS!C9/BS!B9-1 -> -0.063263963 | D63: =BS!D9/BS!C9-1 -> 0.087131252 | E63: =BS!E9/BS!D9-1 -> 0.1498582 | F63: =BS!F9/BS!E9-1 -> -0.2568733
B64: VIII. Góp vốn, đầu tư dài hạn | C64: =BS!C10/BS!B10-1 -> -0.091494275 | D64: =BS!D10/BS!C10-1 -> 0.04786499 | E64: =BS!E10/BS!D10-1 -> -0.065059484 | F64: =BS!F10/BS!E10-1 -> 0.014319352
B65: IX. Tài sản cố định | C65: =BS!C11/BS!B11-1 -> 0.27254818 | D65: =BS!D11/BS!C11-1 -> 0.010150758 | E65: =BS!E11/BS!D11-1 -> -0.074268468 | F65: =BS!F11/BS!E11-1 -> -0.034715731
B66: XI. Tài sản Có khác | C66: =BS!C12/BS!B12-1 -> -0.094792487 | D66: =BS!D12/BS!C12-1 -> 0.46185172 | E66: =BS!E12/BS!D12-1 -> 1.1049425 | F66: =BS!F12/BS!E12-1 -> -0.49733996
B67: TỔNG CỘNG TÀI SẢN | C67: =BS!C13/BS!B13-1 -> 0.08465661 | D67: =BS!D13/BS!C13-1 -> 0.066687142 | E67: =BS!E13/BS!D13-1 -> 0.28214485 | F67: =BS!F13/BS!E13-1 -> 0.014223074
B68: NGUỒN VỐN
B69: Các khoản nợ chính phủ và NHNN | C69: =BS!C16/BS!B16-1 -> -0.55419655 | D69: =BS!D16/BS!C16-1 -> -0.77006297 | E69: =BS!E16/BS!D16-1 -> 6.1096315 | F69: =BS!F16/BS!E16-1 -> -0.97517876
B70: Tiền gửi & cho vay các TCTD khác | C70: =BS!C17/BS!B17-1 -> 0.40706241 | D70: =BS!D17/BS!C17-1 -> 0.059603355 | E70: =BS!E17/BS!D17-1 -> 1.1183998 | F70: =BS!F17/BS!E17-1 -> -0.080305371
B71: Tiền gửi khách hàng | C71: =BS!C18/BS!B18-1 -> 0.11165125 | D71: =BS!D18/BS!C18-1 -> 0.099999021 | E71: =BS!E18/BS!D18-1 -> 0.095254365 | F71: =BS!F18/BS!E18-1 -> 0.122423
B72: Phát hành giấy tờ có giá | C72: =BS!C21/BS!B21-1 -> -0.0067216357 | D72: =BS!D21/BS!C21-1 -> -0.18137544 | E72: =BS!E21/BS!D21-1 -> 0.45722698 | F72: =BS!F21/BS!E21-1 -> -0.21411689
B73: Các khoản nợ khác | C73: =BS!C22/BS!B22-1 -> 0.30602868 | D73: =BS!D22/BS!C22-1 -> -0.010127788 | E73: =BS!E22/BS!D22-1 -> 2.2589697 | F73: =BS!F22/BS!E22-1 -> -0.60411872
B74: Vốn và các quỹ | C74: =SUM(BS!C24:C25)/SUM(BS!B24:B25)-1 -> 0.050163233 | D74: =SUM(BS!D24:D25)/SUM(BS!C24:C25)-1 -> 0.056617318 | E74: =SUM(BS!E24:E25)/SUM(BS!D24:D25)-1 -> 0.24892724 | F74: =SUM(BS!F24:F25)/SUM(BS!E24:E25)-1 -> 0.17778275
B75: Lợi ích của cổ đông thiểu số | C75: =BS!C29/BS!B29-1 -> 0.018751722 | D75: =BS!D29/BS!C29-1 -> 0.024569533 | E75: =BS!E29/BS!D29-1 -> 0.014578766 | F75: =BS!F29/BS!E29-1 -> 0.063439802
B76: TỔNG CỘNG NGUỒN VỐN | C76: =BS!C30/BS!B30-1 -> 0.08465661 | D76: =BS!D30/BS!C30-1 -> 0.066687142 | E76: =BS!E30/BS!D30-1 -> 0.28214485 | F76: =BS!F30/BS!E30-1 -> 0.014223074
A78: 3.2 | B78: TỶ TRỌNG TÀI SẢN
B79: TÀI SẢN | C79: 2020 | D79: 2021 | E79: 2022 | F79: 2023
B80: I. Tiền mặt, vàng bạc, đá quý | C80: =BS!C3/BS!$C$13 -> 0.011382183 | D80: =BS!D3/BS!$D$13 -> 0.012732109 | E80: =BS!E3/BS!$E$13 -> 0.010115989 | F80: =BS!F3/BS!$F$13 -> 0.0078847276
B81: II. Tiền gửi tại Ngân hàng nhà nước | C81: =BS!C4/BS!$C$13 -> 0.02498765 | D81: =BS!D4/BS!$D$13 -> 0.015909484 | E81: =BS!E4/BS!$E$13 -> 0.05102935 | F81: =BS!F4/BS!$F$13 -> 0.031585174
B82: III. Tiền gửi và cho vay các TCTD khác | C82: =BS!C5/BS!$C$13 -> 0.20205366 | D82: =BS!D5/BS!$D$13 -> 0.15958784 | E82: =BS!E5/BS!$E$13 -> 0.17291588 | F82: =BS!F5/BS!$F$13 -> 0.18290182
B83: IV. Chứng khoán kinh doanh ròng | C83: =BS!C6/BS!$C$13 -> 0.0014733952 | D83: =BS!D6/BS!$D$13 -> 0.001955292 | E83: =BS!E6/BS!$E$13 -> 0.00082681357 | F83: =BS!F6/BS!$F$13 -> 0.0013564852
B84: V. Các CCTC phái sinh và TSTC khác | C84: =BS!C7/BS!$C$13 -> 0 | D84: =BS!D7/BS!$D$13 -> 0.00021432662 | E84: =BS!E7/BS!$E$13 -> 8.629049e-05 | F84: =BS!F7/BS!$F$13 -> 0
B85: VI. Cho vay khách hàng ròng | C85: =BS!C8/BS!$C$13 -> 0.61870521 | D85: =BS!D8/BS!$D$13 -> 0.66077076 | E85: =BS!E8/BS!$E$13 -> 0.61764112 | F85: =BS!F8/BS!$F$13 -> 0.67496544
B86: VII. Chứng khoán đầu tư | C86: =BS!C9/BS!$C$13 -> 0.11832871 | D86: =BS!D9/BS!$D$13 -> 0.1205966 | E86: =BS!E9/BS!$E$13 -> 0.10815392 | F86: =BS!F9/BS!$F$13 -> 0.079244956
B87: VIII. Góp vốn, đầu tư dài hạn | C87: =BS!C10/BS!$C$13 -> 0.0016882485 | D87: =BS!D10/BS!$D$13 -> 0.0016584587 | E87: =BS!E10/BS!$E$13 -> 0.0012093487 | F87: =BS!F10/BS!$F$13 -> 0.0012094635
B88: IX. Tài sản cố định | C88: =BS!C11/BS!$C$13 -> 0.0064388239 | D88: =BS!D11/BS!$D$13 -> 0.0060975544 | E88: =BS!E11/BS!$E$13 -> 0.0044025434 | F88: =BS!F11/BS!$F$13 -> 0.0041901096
B89: XI. Tài sản Có khác | C89: =BS!C12/BS!$C$13 -> 0.014942118 | D89: =BS!D12/BS!$D$13 -> 0.020477571 | E89: =BS!E12/BS!$E$13 -> 0.033618751 | F89: =BS!F12/BS!$F$13 -> 0.016661821
B90: TỔNG CỘNG TÀI SẢN | C90: =SUM(C80:C89) -> 1 | D90: =SUM(D80:D89) -> 1 | E90: =SUM(E80:E89) -> 1 | F90: =SUM(F80:F89) -> 1
A92: 3.3 | B92: TỶ TRỌNG NGUỒN VỐN
B93: NGUỒN VỐN | C93: 2020 | D93: 2021 | E93: 2022 | F93: 2023
B94: Các khoản nợ chính phủ và NHNN | C94: =BS!C16/BS!$C$30 -> 0.031048153 | D94: =BS!D16/BS!$D$30 -> 0.0066927967 | E94: =BS!E16/BS!$E$30 -> 0.03711228 | F94: =BS!F16/BS!$F$30 -> 0.00090825452
B95: Tiền gửi & cho vay các TCTD khác | C95: =BS!C17/BS!$C$30 -> 0.078103968 | D95: =BS!D17/BS!$D$30 -> 0.077585286 | E95: =BS!E17/BS!$E$30 -> 0.12818883 | F95: =BS!F17/BS!$F$30 -> 0.11624127
B96: Tiền gửi khách hàng | C96: =BS!C18/BS!$C$30 -> 0.77823115 | D96: =BS!D18/BS!$D$30 -> 0.80253475 | E96: =BS!E18/BS!$E$30 -> 0.68555412 | F96: =BS!F18/BS!$F$30 -> 0.7586908
B97: Vốn tài trợ, uỷ thác đầu tư | C97: =BS!C20/BS!$C$30 -> 1.1068215e-05 | D97: =BS!D20/BS!$C$30 -> 5.8112088e-06 | E97: =BS!E20/BS!$C$30 -> 2.486748e-06 | F97: =BS!F20/BS!$C$30 -> 2.752162e-07
B98: Phát hành giấy tờ có giá | C98: =BS!C21/BS!C$30 -> 0.016015469 | D98: =BS!D21/BS!D$30 -> 0.012291004 | E98: =BS!E21/BS!E$30 -> 0.013969391 | F98: =BS!F21/BS!F$30 -> 0.010824353
B99: Các khoản nợ khác | C99: =BS!C22/BS!$C$30 -> 0.02560175 | D99: =BS!D22/BS!$C$30 -> 0.025342461 | E99: =BS!E22/BS!$C$30 -> 0.082590311 | F99: =BS!F22/BS!$C$30 -> 0.032695958
B100: Vốn và các quỹ, chênh lệch đánh giá lại tài sản | C100: =SUM(BS!C24:C27)/BS!C$30 -> 0.043250208 | D100: =SUM(BS!D24:D27)/BS!D$30 -> 0.042834491 | E100: =SUM(BS!E24:E27)/BS!E$30 -> 0.041252428 | F100: =SUM(BS!F24:F27)/BS!F$30 -> 0.047923128
B101: LNST chưa phân phối lũy kế & Lợi ích của cổ đông thiểu số | C101: =SUM(BS!C28:C29)/BS!$C$30 -> 0.027699004 | D101: =SUM(BS!D28:D29)/BS!$C$30 -> 0.036585366 | E101: =SUM(BS!E28:E29)/BS!$C$30 -> 0.045860674 | F101: =SUM(BS!F28:F29)/BS!$C$30 -> 0.057948201
B102: TỔNG CỘNG NGUỒN VỐN | C102: =SUM(C94:C101) -> 0.99996077 | D102: =BS!D30/BS!$D$30 -> 1 | E102: =BS!E30/BS!$E$30 -> 1 | F102: =BS!F30/BS!$F$30 -> 1
A104: 3.4 | B104: PHÂN TÍCH TĂNG TRƯỞNG DMTD
B105: PHÂN THEO PHƯƠNG THỨC CẤP TD | C105: 2020 | D105: 2021 | E105: 2022 | F105: 2023
B106: 1. Cho vay các tổ chức kinh tế, cá nhân trong nước | C106: =BS!C36/BS!B36-1 -> 0.14449326 | D106: =BS!D36/BS!C36-1 -> 0.14354825 | E106: =BS!E36/BS!D36-1 -> 0.19444864 | F106: =BS!F36/BS!E36-1 -> 0.10732343
B107: 2. Cho vay chiết khấu công cụ chuyển nhượng và các giấy tờ có giá | C107: =BS!C37/BS!B37-1 -> -0.19634089 | D107: =BS!D37/BS!C37-1 -> 0.52143633 | E107: =BS!E37/BS!D37-1 -> -0.25033499 | F107: =BS!F37/BS!E37-1 -> 0.16806494
B108: 3. Cho thuê tài chính | C108: =BS!C38/BS!B38-1 -> 0.040421275 | D108: =BS!D38/BS!C38-1 -> -0.050332722 | E108: =BS!E38/BS!D38-1 -> 0.14053431 | F108: =BS!F38/BS!E38-1 -> 0.21323472
B109: 4. Các khoản trả thay khách hàng | C109: =BS!C39/BS!B39-1 -> -1 | D109: =IFERROR(BS!D39/BS!C39-1,"") | E109: =BS!E39/BS!D39-1 -> 7.3340832 | F109: =BS!F39/BS!E39-1 -> 221.24565
B110: 5. Cho vay đối với các tổ chức, cá nhân nước ngoài | C110: =BS!C40/BS!B40-1 -> 3.5601864 | D110: =BS!D40/BS!C40-1 -> 0.6926284 | E110: =BS!E40/BS!D40-1 -> -0.3248626 | F110: =BS!F40/BS!E40-1 -> 0.18725064
...
